REF,LINEA,REFERENCIA,TARGET,PRECIO
5001,A. RUIZ,BESO 100 ML ,Mujer,12900
5002,A. RUIZ,LOVE FOREVER 80 ML,Mujer,12900
5003,A. RUIZ,FLOR 100 ML ESTUCHE,Mujer,15900
5004,A. RUIZ,OH LA LA 100 ML ,Mujer,12900
5005,A. RUIZ,GOTAS DE COLOR 80 ML,Mujer,12900
5006,A.BANDERAS,DIAVALO VARON 100 ML ESTUCHE,Hombre,14900
5007,A.BANDERAS,BLUE SEDUCTION DAMA 100 ML ESTUCHE,Mujer,15900
5008,A.BANDERAS,BLUE SEDUCTION VARON 200 ML,Hombre,18900
5009,A.BANDERAS,BLACK SEDUCTION VARON 100 ML,Hombre,13900
5010,A.BANDERAS,BLACK SEDUCTION VARON 200 ML,Hombre,18900
5011,A.BANDERAS,KING SEDUCTION VARON 100 ML NEW,Hombre,13900
5012,A.BANDERAS,SECRET DAMA 80 ML,Mujer,13900
5013,A.BANDERAS,SECRET VARON 200 ML,Hombre,18900
5014,A.BANDERAS,GOLDEN SECRET DAMA 80 ML,Mujer,13900
5015,A.BANDERAS,GOLDEN SECRET VARON 200 ML,Hombre,18900
5016,A.BANDERAS,SPIRIT VARON 100 ML,Hombre,13900
5017,A.BANDERAS,SPIRIT VARON 50 ML TESTER,Hombre,6900
5018,A.BANDERAS,SPIRIT DAMA 100 ML,Mujer,13900
5019,A.BANDERAS,MEDITERRANEO 100 ML,Hombre,10900
5020,A.PUIG,QUORUM 100 ML,Hombre,8900
5021,A.PUIG,QUORUM 100 ML TESTER,Hombre,6900
5022,A.PUIG,AQUA QUORUM 100 ML ,Hombre,8900
5023,A.PUIG,AQUA QUORUM 100 ML TESTER ,Hombre,6900
5024,A.PUIG,QUORUM SILVER 100 ML,Hombre,8900
5025,A.PUIG,QUORUM SILVER 100 ML TESTER,Hombre,6900
5026,A.PUIG,AGUA BRAVA 100 ML,Hombre,8900
5027,A.PUIG,AGUA BRAVA 200 ML,Hombre,11900
5028,A.PUIG,AGUA BRAVA 350 ML,Hombre,15900
5029,A.PUIG,AGUA BRAVA 500 ML,Hombre,19900
5030,A.PUIG,AGUA BRAVA AZUL 100 ML,Hombre,12900
5031,ADIDAS,ADIDAS VARON 100 ML ,Hombre,3900
5032,ANIMALE,ANIMALE DAMA 100 ML ,Mujer,20900
5033,ANIMALE,ANIMALE ANIMALE DAMA 100 ML,Mujer,17900
5034,ANIMALE,ANIMALE VARON 100 ML,Hombre,16900
5035,ANIMALE,ANIMALE ANIMALE VARON 100 ML,Hombre,15900
5036,ARAMIS,ARAMIS EDT 110 ML ,Hombre,22900
5037,ARAMIS,ARAMIS EDT 110 ML TESTER,Hombre,19900
5038,AZZARO,AZZARO EDITION LIMITED 100 ML,Hombre,19900
5039,AZZARO,AZZARO 100 ML,Hombre,19900
5040,AZZARO,AZZARO 200 ML,Hombre,29900
5041,AZZARO,AZZARO 100 ML ESTUCHE,Hombre,24900
5042,AZZARO,AZZARO 100 ML TESTER,Hombre,16900
5043,AZZARO,AZZARO SUMMER 100 ML ,Hombre,17900
5044,AZZARO,AZZARO ELIXIR 100 ML,Hombre,16900
5045,AZZARO,CHROME 100 ML,Hombre,19900
5046,AZZARO,CHROME 200 ML,Hombre,29900
5047,AZZARO,CHROME 100 ML ESTUCHE,Hombre,24900
5048,AZZARO,CHROME UNITED 100 ML ESTUCHE,Hombre,24900
5049,AZZARO,CHROME LEGEND 125 ML ,Hombre,21900
5050,AZZARO,CHROME SPORT 100 ML,Hombre,16900
5051,AZZARO,AZZARO ONIX 100 ML ,Hombre,13900
5052,AZZARO,AZZARO SILVER BLACK 100 ML ,Hombre,19900
5053,AZZARO,AZZARO NIGHT TIME 100 ML ,Hombre,17900
5054,AZZARO,AZZARO VISIT DAMA 75 ML ,Mujer,18900
5055,AZZARO,AZZARO VISIT VARON 100 ML ,Hombre,18900
5056,B.SPEARS,FANTASY MIDNIGHT 100 ML ,Mujer,21900
5057,B.SPEARS,FANTASY MIDNIGHT 100 ML TESTER,Mujer,18900
5058,B.SPEARS,FANTASY 100 ML ,Mujer,22900
5059,B.SPEARS,FANTASY 100 ML TESTER,Mujer,18900
5060,B.SPEARS,FANTASY TWIST (FANTASY 50 ML+MIDNIGHT 50 ML),Mujer,23900
5061,B.SPEARS,FANTASY NAUGHTY 100 ML NEW,Mujer,21900
5062,B.SPEARS,FANTASY NICE 100 ML NEW,Mujer,21900
5063,B.SPEARS,FANTASY ANIVERSARY 100 ML NEW,Mujer,21900
5064,B.SPEARS,FANTASY ISLAND 100 ML,Mujer,16900
5065,B.SPEARS,RADIANCE 100 ML,Mujer,19900
5066,B.SPEARS,CURIOUS 100 ML ,Mujer,16900
5067,B.SPEARS,CURIOUS 100 ML TESTER,Mujer,13900
5068,B.SPEARS,CURIOUS IN CONTROL 100 ML,Mujer,16900
5069,B.SPEARS,CIRCUS TESTER 100 ML,Mujer,10900
5070,B.SPEARS,HIDDEN FANTASY 100 ML,Mujer,13900
5071,BEBE,BEBE 75 ML ESTUCHE ,Mujer,18900
5072,BENETTON,HOT BENETTON 100 ML,Unisex,8900
5073,BENETTON,PARAISO INFIERNO BLUE 100 ML ,Hombre,8900
5074,BENETTON,LETS MOVE VARON 100 ML,Hombre,8900
5075,BENETTON,LETS FLY VARON 100 ML,Hombre,8900
5076,BENETTON,LETS LOVE DAMA 100 ML ,Mujer,9900
5077,BENETTON,COLORS VARON 100 ML,Hombre,8900
5078,BENETTON,COLORS DAMA 100 ML,Mujer,8900
5079,BENETTON,COLORS DAMA 50 ML,Mujer,5900
5080,BENETTON,FUNTASTIC GIRL 100 ML TESTER,Mujer,8900
5081,BEYONCE,BEYONCE HEAT 100 ML,Mujer,14900
5082,BEYONCE,BEYONCE HEAT RUSH 100 ML,Mujer,14900
5083,BEYONCE,BEYONCE PULSE 100 ML,Mujer,14900
5084,BEYONCE,BEYONCE MIDNIGHT HEAT 100 ML,Mujer,14900
5085,BEYONCE,BEYONCE RISE 100 ML NEW,Mujer,15900
5086,BEYONCE,BEYONCE THE MRS. CARTER 100 ML NEW,Mujer,14900
5087,BOND,JAMES BOND 007 75 ML TESTER,Hombre,8900
5088,BOND,OCEAN ROYALE 75 ML TESTER,Hombre,8900
5089,BOND,QUANTUM 75 ML TESTER,Hombre,8900
5090,BOUCHERON,BOUCHERON EDT VARON 100 ML,Hombre,24900
5091,BOUCHERON,JAIPUR VARON EDT 100 ML ,Hombre,24900
5092,BOUCHERON,BOUCHERON EDT DAMA 100 ML,Mujer,29900
5093,BOUCHERON,PLACE VANDOME 100 ML ,Mujer,29900
5094,BOUCHERON,JAIPUR BRACELET EDP DAMA 100 ML,Mujer,29900
5095,BURBERRY,BURBERRY EDP DAMA 100 ML,Mujer,25900
5096,BURBERRY,BURBERRY EDP DAMA 100 ML TESTER,Mujer,22900
5097,BURBERRY,BURBERRY EDT VARON 100 ML ,Hombre,24900
5098,BURBERRY,WEEKEND DAMA 100 ML,Mujer,25900
5099,BURBERRY,WEEKEND DAMA 100 ML TESTER,Mujer,22900
5100,BURBERRY,WEEKEND VARON 100 ML,Hombre,24900
5101,BURBERRY,MY BURBERRY DAMA 100 ML NEW,Mujer,34900
5102,BURBERRY,BURBERRY LONDON DAMA (TELA) 100 ML,Mujer,25900
5103,BURBERRY,BURBERRY LONDON VARON (TELA) 100 ML,Hombre,24900
5104,BURBERRY,BURBERRY TOUCH DAMA 100 ML,Mujer,25900
5105,BURBERRY,BURBERRY TOUCH VARON 100 ML,Hombre,24900
5106,BURBERRY,BURBERRY THE BEAT DAMA 75 ML,Mujer,25900
5107,BURBERRY,BURBERRY THE BEAT VARON 100 ML,Hombre,24900
5108,BURBERRY,BURBERRY BRIT DAMA 100 ML,Mujer,25900
5109,BURBERRY,BURBERRY BRIT VARON 100 ML,Hombre,24900
5110,BURBERRY,BURBERRY BRIT SHEER DAMA 100 ML,Mujer,25900
5111,BURBERRY,BURBERRY BRIT SUMMER VARON 100 ML,Hombre,24900
5112,BURBERRY,BURBERRY BRIT RYTHM DAMA 90 ML ,Mujer,25900
5113,BURBERRY,BURBERRY BRIT RYTHM VARON 100 ML ,Hombre,24900
5114,BURBERRY,BURBERRY BODY DAMA 85 ML,Mujer,25900
5115,BURBERRY,BURBERRY SPORT VARON 75 ML,Hombre,24900
5116,BVLGARI,BVL FEMME EDP 100 ML,Mujer,37900
5117,BVLGARI,BVL ROSE ESSENTIAL EDP 100 ML,Mujer,37900
5118,BVLGARI,BVL OMNIA CRYSTALINE 65 ML,Mujer,27900
5119,BVLGARI,BVL OMNIA CRYSTALINE 65 ML TESTER,Mujer,22900
5120,BVLGARI,BVL OMNIA AMATHYSTA 65 ML ,Mujer,27900
5121,BVLGARI,BVL OMNIA AMATHYSTA 65 ML TESTER,Mujer,22900
5122,BVLGARI,BVL OMNIA CORAL 65 ML,Mujer,29900
5123,BVLGARI,BVL OMNIA CORAL 65 ML TESTER,Mujer,25900
5124,BVLGARI,BVL BLUE II DAMA 75 ML,Mujer,29900
5125,BVLGARI,BVL OMNIA INDIAN GARNET 65 ML ,Mujer,29900
5126,BVLGARI,BVL BLUE VARON 100 ML,Hombre,28900
5127,BVLGARI,BVL POUR HOMME 100 ML,Hombre,28900
5128,BVLGARI,BVL SOIR POUR HOMME 100 ML ,Hombre,28900
5129,BVLGARI,BVL MAN 100 ML ,Hombre,28900
5130,BVLGARI,BVL MAN BLACK EDP 100 ML ,Hombre,34900
5131,BVLGARI,BVL EXTREME 100 ML ,Hombre,28900
5132,BVLGARI,BVL PETITS 100 ML TESTER NEW,Mujer,26900
5133,BVLGARI,BVL AQUA VARON 100 ML ,Hombre,28900
5134,BVLGARI,BVL AQUA VARON 100 ML TESTER,Hombre,23900
5135,BVLGARI,BVL AQUA MARINE VARON 100 ML,Hombre,28900
5136,BVLGARI,BVL AQUA MARINE VARON 100 ML TESTER,Hombre,23900
5137,BVLGARI,BVL AQUA AMARA VARON 100 ML TESTER,Hombre,22900
5138,C.DIOR,JADORE EDP 100 ML ,Mujer,66900
5139,C.DIOR,JADORE EDP 100 ML TESTER,Mujer,59900
5140,C.DIOR,JADORE EDT 100 ML ,Mujer,56900
5141,C.DIOR,JADORE VOILE 100 ML NEW,Mujer,59900
5142,C.DIOR,ADDICT DELICE EDT 100 ML,Mujer,59900
5143,C.DIOR,ADDICT FRAICHE EDT 100 ML,Mujer,59900
5144,C.DIOR,ADDICT EDP 100 ML,Mujer,65900
5145,C.DIOR,ADDICT EDP 30 ML,Mujer,26900
5146,C.DIOR,ADDICT EDT 100 ML NEW,Mujer,56900
5147,C.DIOR,MISS DIOR EDP 100 ML,Mujer,65900
5148,C.DIOR,MISS DIOR EDT 100 ML,Mujer,56900
5149,C.DIOR,MISS DIOR BLOOMING BOUQUET 100 ML NEW,Mujer,59900
5150,C.DIOR,DOLCEVITA 100 ML ,Mujer,64900
5151,C.DIOR,POISON EDT 100 ML,Mujer,65900
5152,C.DIOR,PURE POISON EDP 100 ML,Mujer,65900
5153,C.DIOR,HYPNOTIC POISON EDT 100 ML,Mujer,64900
5154,C.DIOR,DUNE DAMA 100 ML,Mujer,64900
5155,C.DIOR,DIOR HOMME 100 ML,Hombre,49900
5156,C.DIOR,DIOR HOMMEINTENSE 100 ML NEW,Hombre,53900
5157,C.DIOR,DIOR HOMME SPORT 100 ML,Hombre,49900
5158,C.DIOR,FAHRENHEIT EDT 50 ML,Hombre,36900
5159,C.DIOR,FAHRENHEIT EDT 100 ML,Hombre,52900
5160,C.DIOR,FAHRENHEIT EDT 200 ML ,Hombre,63900
5161,C.HERRERA,212 SEXY DAMA 100 ML,Mujer,39900
5162,C.HERRERA,212 SEXY DAMA 100 ML TESTER,Mujer,34900
5163,C.HERRERA,212 SEXY MEN 100 ML,Hombre,38900
5164,C.HERRERA,212 SEXY MEN 30 ML,Hombre,19900
5165,C.HERRERA,212 DAMA 100 ML ,Mujer,39900
5166,C.HERRERA,212 DAMA 60 ML,Mujer,29900
5167,C.HERRERA,212 DAMA 100 ML TESTER,Mujer,34900
5168,C.HERRERA,212 MEN 100 ML ,Hombre,39900
5169,C.HERRERA,212 MEN 50 ML ,Hombre,29900
5170,C.HERRERA,212 MEN 100 ML TESTER,Hombre,34900
5171,C.HERRERA,212 VIP DAMA EDP 80 ML,Mujer,41900
5172,C.HERRERA,212 VIP DAMA EDP 80 ML TESTER,Mujer,35900
5173,C.HERRERA,212 VIP ROSE DAMA EDP 80 ML ,Mujer,51900
5174,C.HERRERA,212 VIP MEN 100 ML,Hombre,41900
5175,C.HERRERA,212 VIP MEN 200 ML,Hombre,54900
5176,C.HERRERA,212 SUMMER MEN 100 ML ,Hombre,31900
5177,C.HERRERA,CAROLINA HERRERA DAMA EDT 100 ML  ,Mujer,38900
5178,C.HERRERA,CAROLINA HERRERA DAMA EDP 100 ML  ,Mujer,43900
5179,C.HERRERA,CAROLINA HERRERA VARON 50 ML   ,Hombre,31900
5180,C.HERRERA,CAROLINA HERRERA VARON 100 ML   ,Hombre,39900
5181,C.HERRERA,CAROLINA HERRERA VARON 200 ML   ,Hombre,51900
5182,C.HERRERA,CAROLINA HERRERA VARON 100 ML TESTER,Hombre,35900
5183,C.HERRERA,CHIC VARON 100 ML ,Hombre,34900
5184,C.HERRERA,CHIC VARON 100 ML TESTER,Hombre,30900
5185,C.HERRERA,CH DAMA 100 ML,Mujer,45900
5186,C.HERRERA,CH DAMA 100 ML ESTUCHE,Mujer,49900
5187,C.HERRERA,CH DAMA 100 ML TESTER,Mujer,40900
5188,C.HERRERA,CH L' EAU DAMA 100 ML ,Mujer,41900
5189,C.HERRERA,CH VARON 100 ML,Hombre,44900
5190,C.HERRERA,CH SPORT VARON 100 ML,Hombre,32900
5191,C.HERRERA,CH SUBLIME DAMA 80 ML ,Mujer,44900
5192,C.HERRERA,CH SUBLIME DAMA 50 ML ,Mujer,37900
5193,C.HERRERA,CH SUBLIME DAMA 80 ML ESTUCHE,Mujer,47900
5194,C.HERRERA,CH SUBLIME DAMA 80 ML TESTER,Mujer,39900
5195,C.KLEIN,CK ONE 100 ML ,Unisex,16900
5196,C.KLEIN,CK ONE 200 ML ,Unisex,21900
5197,C.KLEIN,CK ONE 100 ML ESTUCHE,Unisex,20900
5198,C.KLEIN,CK BE 200 ML ,Unisex,21900
5199,C.KLEIN,CK ONE SUMMER 100 ML ,Unisex,26900
5200,C.KLEIN,CK ONE RED DAMA 100 ML,Mujer,18900
5201,C.KLEIN,CK ONE RED VARON 100 ML,Hombre,18900
5202,C.KLEIN,CK SHOCK DAMA 200 ML ,Mujer,21900
5203,C.KLEIN,CK SHOCK VARON 100 ML ,Hombre,16900
5204,C.KLEIN,CK SHOCK VARON 200 ML ,Hombre,21900
5205,C.KLEIN,CK IN 2 U DAMA 150 ML ,Mujer,21900
5206,C.KLEIN,CK IN 2 U DAMA 100 ML TESTER,Mujer,13900
5207,C.KLEIN,CK IN 2 U VARON 150 ML,Hombre,21900
5208,C.KLEIN,CK REVEAL DAMA 100 ML NEW,Mujer,27900
5209,C.KLEIN,EUPHORIA DAMA EDP 100 ML ,Mujer,34900
5210,C.KLEIN,EUPHORIA DAMA EDP 100 ML TESTER,Mujer,30900
5211,C.KLEIN,EUPHORIA DAMA EDT 100 ML ,Mujer,28900
5212,C.KLEIN,EUPHORIA ENDLESS DAMA EDP 125 ML ,Mujer,34900
5213,C.KLEIN,EUPHORIA GOLD DAMA EDP 100 ML NEW,Mujer,44900
5214,C.KLEIN,EUPHORIA GOLD VARON EDT 100 ML NEW,Hombre,40900
5215,C.KLEIN,EUPHORIA VARON EDT 100 ML,Hombre,26900
5216,C.KLEIN,EUPHORIA INTENSE VARON EDT 100 ML,Hombre,29900
5217,C.KLEIN,ETERNITY DAMA 100 ML ,Mujer,23900
5218,C.KLEIN,ESCAPE VARON EDT 100 ML,Hombre,21900
5219,C.KLEIN,DOWNTOWN DAMA 100 ML TESTER,Mujer,19900
5220,C.KLEIN,OBSESSION DAMA EDP 90 ML ,Mujer,22900
5221,C.KLEIN,OBSESSION NIGHT DAMA EDP 100 ML ,Mujer,22900
5222,C.KLEIN,OBSESSION SECRET DAMA EDP 100 ML ,Mujer,22900
5223,C.KLEIN,OBSESSION VARON EDT 125 ML TESTER,Hombre,18900
5224,C.KLEIN,OBSESSION NIGHT VARON EDT 125 ML,Hombre,22900
5225,C.KLEIN,CK BEAUTY EDP 100 ML,Mujer,29900
5226,C.KLEIN,CONTRADICTION VARON EDT 100 ML,Hombre,19900
5227,CACHAREL,AMOR AMOR 100 ML ,Mujer,29900
5228,CACHAREL,AMOR AMOR 30 ML,Mujer,19900
5229,CACHAREL,AMOR AMOR 100 ML ESTUCHE,Mujer,35900
5230,CACHAREL,AMOR AMOR FORBIDDEN KISS 50 ML ,Mujer,26900
5231,CACHAREL,AMOR AMOR L' EAU 100 ML NEW,Mujer,27900
5232,CACHAREL,NOA 100 ML,Mujer,41900
5233,CACHAREL,ANAIS ANAIS 100 ML,Mujer,30900
5234,CACHAREL,ANAIS ANAIS 100 ML TESTER,Mujer,27900
5235,CACHAREL,CATCH ME 80 ML,Mujer,32900
5236,CACHAREL,EDEN DAMA 50 ML ,Mujer,29900
5237,CACHAREL,EDEN DAMA 30 ML,Mujer,24900
5238,CANDY CRUSH,CANDY CRUSH EDP 75 ML,Unisex,16900
5239,CARTIER,ROADSTAR SPORT 100 ML,Hombre,26900
5240,CARTIER,ROADSTAR SPORT SILVER 100 ML,Hombre,26900
5241,CARTIER,MUST DE CARTIER VARON 100 ML,Hombre,28900
5242,CARTIER,EAU DE CARTIER 100 ML,Unisex,24900
5243,CARTIER,PANTHERE 75 ML ,Mujer,33900
5244,CARTIER,DECLARATION 100 ML,Hombre,29900
5245,CHLOE,CHLOE 90 ML ,Mujer,19900
5246,CHLOE,CHLOE 90 ML ESTUCHE,Mujer,22900
5247,CHLOE,NARCISSE 100 ML ,Mujer,22900
5248,CHLOE,NARCISSE 100 ML ESTUCHE,Mujer,25900
5249,CHLOE,NARCISSE 100 ML TESTER,Mujer,18900
5250,CLINIQUE,HAPPY CLINIQUE DAMA 100 ML,Mujer,31900
5251,CLINIQUE,HAPPY CLINIQUE DAMA 100 ML TESTER,Mujer,26900
5252,CLINIQUE,HAPPY HEART CLINIQUE 100 ML,Mujer,31900
5253,CLINIQUE,HAPPY CLINIQUE VARON 100 ML,Hombre,29900
5254,COUTURE,COUTURE COUTURE JUICY 100 ML (OFERTA),Mujer,22900
5255,CUBA,CUBA DAMA O VARON 35 ML,Unisex,2900
5256,CUBA,CUBA DAMA O VARON 100 ML,Unisex,4900
5257,CUBA,CUBA DAMA O VARON 100 ML BALDE ESTUCHE,Unisex,15900
5258,CUBA,CUBA 100 ML 5 PIEZAS VARON  ESTUCHE,Hombre,15900
5259,D & G,LIGHT BLUE DAMA 100 ML ,Mujer,38900
5260,D & G,LIGHT BLUE DAMA 50 ML ,Mujer,33900
5261,D & G,LIGHT BLUE DAMA 100 ML TESTER,Mujer,33900
5262,D & G,LIGHT BLUE DAMA 100 ML ESTUCHE,Mujer,44900
5263,D & G,LIGHT BLUE PANAREA DAMA 100 ML TESTER NEW,Mujer,33900
5264,D & G,LIGHT BLUE SALINA DAMA 100 ML TESTER NEW,Mujer,33900
5265,D & G,LIGHT BLUE VARON 125 ML ,Hombre,38900
5266,D & G,LIGHT BLUE LIPARI VARON 125 ML TESTER NEW,Hombre,33900
5267,D & G,LIGHT BLUE VARON 200 ML,Hombre,49900
5268,D & G,THE ONE ROSE DAMA 75 ML ,Mujer,42900
5269,D & G,THE ONE ROSE DAMA 75 ML TESTER,Mujer,38900
5270,D & G,THE ONE DAMA 75 ML ,Mujer,41900
5271,D & G,THE ONE DAMA 50 ML ESTUCHE,Mujer,38900
5272,D & G,THE ONE DAMA 75 ML TESTER,Mujer,35900
5273,D & G,THE ONE COLLECTOR DAMA 75 ML TESTER,Mujer,36900
5274,D & G,THE ONE L' EAU DAMA 75 ML ,Mujer,28900
5275,D & G,THE ONE GENTLEMAN 50 ML,Hombre,25900
5276,D & G,THE ONE VARON 100 ML ,Hombre,37900
5277,D & G,THE ONE VARON 100 ML ESTUCHE,Hombre,39900
5278,D & G,THE ONE VARON 150 ML,Hombre,45900
5279,D & G,THE ONE VARON 100 ML TESTER,Hombre,32900
5280,D & G,THE ONE VARON EDP 100 ML TESTER,Hombre,37900
5281,D & G,THE ONE COLLECTOR VARON 100 ML TESTER,Hombre,35900
5282,D & G,THE ONE SPORT VARON 100 ML ESTUCHE,Hombre,35900
5283,D & G,DOLCE GABANNA EDP 100 ML ESTUCHE,Mujer,38900
5284,D & G,DOLCE GABANNA POUR HOMME 125 ML,Hombre,36900
5285,D & G,DOLCE GABANNA POUR HOMME 75 ML,Hombre,29900
5286,D & G,DOLCE EDP 75 ML,Mujer,44900
5287,D & G,DOLCE EDP 75 ML TESTER ,Mujer,40900
5288,D & G,D & G TO FEMA.ESSENCE EDP 65 ML TESTER,Mujer,36900
5289,D & G,D & G DESIRE DAMA 75 ML ,Mujer,44900
5290,D & G,D & G L' IMPERATRICE N°3 100 ML  ,Mujer,39900
5291,D & G,D & G LA TEMPERANCE N°14 100 ML  ,Mujer,26900
5292,D & G,D & G LA TEMPERANCE N°14 100 ML TESTER,Mujer,22900
5293,D & G,D & G LAMOUREUX  N°6 100 ML,Mujer,26900
5294,D & G,D & G LE FOU N°21 100 ML TESTER,Hombre,29900
5295,D.YANKEE,DADDY YANKEE VARON 100 ML ,Hombre,10900
5296,DAVIDOFF,COOL WATER VARON 125 ML ,Hombre,20900
5297,DAVIDOFF,COOL WATER VARON 75 ML ,Hombre,16900
5298,DAVIDOFF,HOT WATER VARON 110 ML,Hombre,20900
5299,DIESEL,FUEL FOR LIFE DAMA EDP 75 ML ,Mujer,39900
5300,DIESEL,FUEL FOR LIFE DAMA UNLIMITED EDP 75 ML,Mujer,39900
5301,DIESEL,FUEL FOR LIFE VARON EDT 75 ML ESTUCHE,Hombre,43900
5302,DIESEL,ONLY THE BRAVE 75 ML ,Hombre,32900
5303,DIESEL,ONLY THE BRAVE TATTO 75 ML ,Hombre,32900
5304,DIESEL,ONLY THE BRAVE WILD VARON 125 ML NEW,Hombre,43900
5305,DIESEL,LOVERDOSE EDT 75 ML ,Mujer,32900
5306,DIESEL,LOVERDOSE EDP 75 ML,Mujer,36900
5307,DIESEL,LOVERDOSE EDP TATTO 75 ML NEW,Mujer,38900
5308,DIESEL,ZERO PLUS VARON 75 ML ,Hombre,7900
5309,DIESEL,ZERO PLUS DAMA 75 ML ,Mujer,7900
5310,DIESEL,DIESEL PLUS PLUS VARON 75 ML,Hombre,6900
5311,DIESEL,DIESEL PLUS PLUS DAMA 75 ML,Mujer,6900
5312,DISNEY,ANGRY BIRDS 100 ML ALCANCIA ESTUCHE,Unisex,10900
5313,DISNEY,PEPPA PIG 50 ML  ,Niña,8900
5314,DISNEY,PEPPA PIG 50 ML ESTUCHE,Niña,10900
5315,DISNEY,PEPPA PIG 100 ML ALCANCIA ESTUCHE,Niña,12900
5316,DISNEY,PEPPA PIG GEL DE DUCHA 300 ML ,Niña,9900
5317,DISNEY,MONSTER HIGH 50 ML ESTUCHE,Niño,10900
5318,DISNEY,DISNEY 75 ML TESTER,Unisex,3900
5319,DISNEY,DISNEY PRINCESA 100 ML (SURTIDOS),Niña,9900
5320,DISNEY,DISNEY PRINCESA 50 ML ESTUCHE,Niña,10900
5321,DISNEY,DISNEY PRINCESA 100 ML ESTUCHE,Niña,12900
5322,DISNEY,FROZEN 100 ML + CORONA ESTUCHE,Niña,12900
5323,DISNEY,FROZEN 30 ML ESTUCHE,Niña,9900
5324,DISNEY,MINIONS 100 ML ,Unisex,9900
5325,DISNEY,MINIONS 50 ML ESTUCHE,Unisex,10900
5326,DISNEY,MINIONS 7 ML MINIATURA,Unisex,2900
5327,DISNEY,MINIONS BODY SPRAY 200 ML,Unisex,6900
5328,DISNEY,BARBIE 100 ML ESTUCHE,Niña,12900
5329,DISNEY,BARBIE 50 ML ESTUCHE,Niña,10900
5330,DISNEY,LOONEY TOONS SURTIDOS 100 ML,Unisex,5900
5331,DISNEY,THE AVENGERS EDT 100 ML ,Niño,8900
5332,DISNEY,CARS EDT 100 ML,Niño,8900
5333,DISNEY,CARS EDT 100 ML ESTUCHE,Niño,12900
5334,DISNEY,SUPERMAN 100 ML ESTUCHE,Niño,12900
5335,DISNEY,SPIDERMAN 100 ML ESTUCHE,Niño,12900
5336,DISNEY,MICKEY 100 ML ,Niño,7900
5337,DISNEY,MINNIE 100 ML ,Niña,7900
5338,DKNY,BE DELICIOUS 100 ML,Mujer,29900
5339,DKNY,BE DELICIOUS 100 ML + CREMA + 5 ML ESTUCHE,Mujer,34900
5340,DKNY,DKNY PURE EDP 100 ML,Mujer,28900
5341,DKNY,MY DKNY DAMA EDP 100 ML NEW,Mujer,32900
5342,DKNY,MY DKNY DAMA EDP 100 ML NEW TESTER ,Mujer,28900
5343,DKNY,BE DELICIOUS EDP 100 ML (VERDE),Mujer,29900
5344,DKNY,BE DELICIOUS EDP 100 ML (VERDE) ESTUCHE,Mujer,34900
5345,DKNY,BE DELICIOUS EDP 100 ML (VERDE) TESTER,Mujer,26900
5346,DKNY,DKNY TORRE DAMA EDP 100 ML,Mujer,29900
5347,DKNY,DKNY TORRE DAMA EDP 100 ML TESTER,Mujer,28900
5348,DKNY,DKNY TORRE DAMA EDT 100 ML ,Mujer,29900
5349,DKNY,DKNY TORRE DAMA EDT 50 ML,Mujer,21900
5350,DKNY,FRESH BLOSSOM 100 ML (BLANCO),Mujer,31900
5351,DKNY,FRESH BLOSSOM 100 ML (BLANCO) TESTER,Mujer,27900
5352,DKNY,GOLDEN DELICIOUS 100 ML (DORADO),Mujer,33900
5353,DKNY,GOLDEN DELICIOUS 100 ML (DORADO) TESTER,Mujer,28900
5354,DKNY,FRESH BLOSSOM INTENSE 100 ML (ROSADO),Mujer,32900
5355,DKNY,BE DELICIOUS NIGHT DAMA 100 ML (NEGRO),Mujer,34900
5356,DKNY,RED DELICIOUS DAMA 100 ML (ROJO),Mujer,34900
5357,DKNY,RED DELICIOUS DAMA 100 ML (ROJO)  TESTER,Mujer,29900
5358,DKNY,DKNY PURE EDP 100 ML,Mujer,28900
5359,DKNY,DKNY PURE EDP 100 ML TESTER,Mujer,25900
5360,DUNHILL,DUNHILL DESIRE BLUE 100 ML,Hombre,23900
5361,E.ARDEN,RED DOOR 100 ML ,Mujer,32900
5362,E.ARDEN,RED DOOR 100 ML TESTER,Mujer,27900
5363,E.ARDEN,RED DOOR 100 ML ESTUCHE,Mujer,36900
5364,E.ARDEN,RED DOOR AURA EDT 100 ML,Mujer,27900
5365,E.ARDEN,RED DOOR EDP SHIMMER 100 ML NEW,Mujer,23900
5366,E.ARDEN,SUNFLOWERS DAMA 100 ML ,Mujer,13900
5367,E.ARDEN,GREEN TEA 100 ML,Mujer,13900
5368,E.ARDEN,GREEN TEA 100 ML TESTER,Mujer,9900
5369,E.ARDEN,GREEN TEA 100 ML ESTUCHE,Mujer,16900
5370,E.ARDEN,ARDEN BEAUTY 100 ML,Mujer,13900
5371,E.ARDEN,ARDEN BEAUTY 100 ML TESTER,Mujer,9900
5372,E.LAUDER,PLEASURES EDP 100 ML,Mujer,42900
5373,E.LAUDER,BEAUTIFUL EDP 75 ML ,Mujer,46900
5374,E.LAUDER,MODERN MUSE EDP 100 ML NEW,Mujer,43900
5375,E.LAUDER,MODERN MUSE CHIC EDP 100 ML NEW,Mujer,43900
5376,E.UNGARO,UNGARO III EDT 100 ML,Hombre,13900
5377,E.UNGARO,UNGARO III PARFUM AROMATIC EDT 100 ML NEW,Hombre,14900
5378,E.UNGARO,UNGARO PARTY 90 ML ,Mujer,18900
5379,E.UNGARO,DIVA DAMA 100 ML,Mujer,18900
5380,E.UNGARO,DIVA ROSE DAMA 100 ML ,Mujer,18900
5381,ED HARDY,LOVE & LUCK BY ED HARDY DAMA 100 ML ,Mujer,18900
5382,ESCADA,ESCADA MAGNETISM DAMA 75 ML,Mujer,28900
5383,ESCADA,ESCADA ISLAND KISS DAMA 100 ML,Mujer,26900
5384,ESCADA,ESCADA SEXY GRAFITTY 100 ML,Mujer,26900
5385,ESCADA,ESCADA MOON SPARKLE 100 ML ,Mujer,28900
5386,ESCADA,ESCADA JOYFUL 75 ML TESTER,Mujer,19900
5387,FERRARI,FERRARI BLACK 125 ML ,Hombre,20900
5388,FERRARI,FERRARI BLACK 125 ML TESTER,Hombre,17900
5389,FERRARI,FERRARI RED 125 ML ,Hombre,20900
5390,G.ARMANI,ACQUA DI GIO EDT VARON 100 ML ,Hombre,41900
5391,G.ARMANI,ACQUA DI GIO EDT VARON 100 ML ESTUCHE,Hombre,45900
5392,G.ARMANI,ACQUA DI GIO EDT VARON 200 ML ,Hombre,51900
5393,G.ARMANI,ACQUA DI GIO PROFUMO VARON 125 ML NEW,Hombre,53900
5394,G.ARMANI,ACQUA DI GIO PROFUMO VARON 75 ML NEW,Hombre,44900
5395,G.ARMANI,CODE LUNA DAMA EDT 75 ML ,Mujer,31900
5396,G.ARMANI,CODE DAMA EDP 75 ML  ,Mujer,41900
5397,G.ARMANI,ACQUA DI GIO DAMA 100 ML ,Mujer,49900
5398,G.ARMANI,ACQUA DI GIOIA EDP DAMA  100 ML,Mujer,44900
5399,G.ARMANI,ACQUA DI GIOIA EDP DAMA  100 ML ESTUCHE,Mujer,48900
5400,G.ARMANI,ACQUA DI GIOIA EDT DAMA  100 ML,Mujer,38900
5401,G.ARMANI,ACQUA DI GIOIA ESSENZA DAMA 100 ML ,Mujer,46900
5402,G.ARMANI,ACQUA DI GIO ESSENZA VARON 75 ML ,Hombre,41900
5403,G.ARMANI,ACQUA DI GIO ESSENZA VARON 180 ML ,Hombre,53900
5404,G.ARMANI,SI ARMANI 100 ML,Mujer,51900
5405,G.ARMANI,SI ARMANI INTENSE 100 ML NEW,Mujer,56900
5406,G.ARMANI,EMPORIO HE EDT VARON 100 ML,Hombre,43900
5407,G.ARMANI,EMPORIO SHE EDP DAMA 100 ML,Mujer,45900
5408,G.ARMANI,ARMANI CODE VARON 75 ML ,Hombre,38900
5409,G.ARMANI,ARMANI CODE VARON 75 ML ESTUCHE,Hombre,41900
5410,G.ARMANI,ARMANI CODE SPORT 75 ML ,Hombre,39900
5411,G.ARMANI,ARMANI CODE SPORT 125 ML ,Hombre,47900
5412,G.ARMANI,ARMANI CODE ICE 75 ML NEW,Hombre,39900
5413,G.ARMANI,ARMANI CODE ICE 125 ML NEW,Hombre,47900
5414,G.ARMANI,DIAMONDS VARON EDT 75 ML ,Hombre,39900
5415,G.ARMANI,DIAMONDS DAMA EDP 100 ML ,Mujer,48900
5416,G.ARMANI,ARMANI MANIA VARON 100 ML,Hombre,44900
5417,G.ARMANI,ARMANI MANIA DAMA 75 ML,Mujer,46900
5418,G.LAROCHE,DRAKKAR NOIR 50 ML,Hombre,16900
5419,G.LAROCHE,DRAKKAR NOIR 100 ML,Hombre,20900
5420,G.LAROCHE,DRAKKAR NOIR 200 ML,Hombre,29900
5421,G.LAROCHE,DRAKKAR NOIR ESSENCE 100 ML NEW,Hombre,20900
5422,G.LAROCHE,DRAKKAR NOIR ESSENCE 200 ML NEW,Hombre,29900
5423,GIORGIO,G GIORGIO DAMA 90 ML,Mujer,17900
5424,GIORGIO,GIORGIO DAMA 90 ML (AMARILLO),Mujer,19900
5425,GIORGIO,WINGS DAMA 90 ML,Mujer,16900
5426,GIVENCHY,HOT COUTURE EDP 100 ML TESTER,Mujer,45900
5427,GIVENCHY,XERYUS ROUGE 100 ML ,Hombre,30900
5428,GIVENCHY,XERYUS ROUGE 150 ML ,Hombre,37900
5429,GIVENCHY,GENTLEMAN GIVENCHY 100 ML,Hombre,29900
5430,GIVENCHY,ONLY GENTLEMAN INTENSE 100 ML ,Hombre,31900
5431,GIVENCHY,ONLY GENTLEMAN 100 ML ESTUCHE,Hombre,34900
5432,GIVENCHY,GIVENCHY POUR HOMME VARON 100 ML,Hombre,29900
5433,GIVENCHY,GIVENCHY POUR HOMME VARON 50 ML,Hombre,19900
5434,GIVENCHY,VERY IRRESISTIBLE DAMA EDT 75 ML ,Mujer,37900
5435,GIVENCHY,VERY IRRESISTIBLE DAMA EDP 75 ML ,Mujer,41900
5436,GIVENCHY,VERY IRRESISTIBLE SUMMER DAMA EDT 75 ML ,Mujer,27900
5437,GIVENCHY,VERY IRRESISTIBLE ELECTRIC ROSE EDT 75 ML ,Mujer,29900
5438,GIVENCHY,VERY IRRESISTIBLE CROISIERE EDT 75 ML NEW,Mujer,34900
5439,GIVENCHY,ANGE OU DEMON EDP 100 ML,Mujer,46900
5440,GIVENCHY,ANGE OU DEMON LE SECRET EDP 100 ML ,Mujer,46900
5441,GIVENCHY,ANGE OU DEMON LE SECRET ELIXIR EDP 100 ML ,Mujer,46900
5442,GIVENCHY,PLAY DAMA EDP 75 ML,Mujer,34900
5443,GIVENCHY,PLAY INTENSE DAMA EDP 75 ML ,Mujer,34900
5444,GIVENCHY,PLAY VARON 100 ML,Hombre,33900
5445,GIVENCHY,PLAY INTENSE VARON 100 ML,Hombre,33900
5446,GIVENCHY,PI GIVENCHY 100 ML,Hombre,34900
5447,GIVENCHY,PINEO GIVENCHY 100 ML ,Hombre,34900
5448,GIVENCHY,BLUE LABEL 100 ML,Hombre,32900
5449,GIVENCHY,INSENSE ULTRAMARINE 100 ML,Hombre,28900
5450,GIVENCHY,EXTRAVANGANCE GIVENCHY 100 ML,Mujer,34900
5451,GIVENCHY,GIVENCHY MINI ESTUCHE,Mujer,26900
5452,GIVENCHY,YSATIS GIVENCHY 100 ML,Mujer,44900
5453,GIVENCHY,AMARIGE GIVENCHY 100 ML,Mujer,41900
5454,GIVENCHY,AMARIGE GIVENCHY 30 ML,Mujer,23900
5455,GIVENCHY,ORGANZA GIVENCHY 100 ML,Mujer,44900
5456,GRESS,CABOTINE 100 ML ,Mujer,10900
5457,GRESS,CABOTINE 100 ML ESTUCHE,Mujer,14900
5458,GUCCI,GUCCI BY GUCCI DAMA EDP 75 ML,Mujer,37900
5459,GUCCI,GUCCI BY GUCCI VARON 90 ML  ,Hombre,37900
5460,GUCCI,GUCCI BY GUCCI VARON 90 ML TESTER,Hombre,32900
5461,GUCCI,GUCCI SPORT VARON 90 ML TESTER,Hombre,31900
5462,GUCCI,GUCCI GUILTY DAMA 75 ML ,Mujer,38900
5463,GUCCI,GUCCI GUILTY BLACK DAMA 75 ML ,Mujer,38900
5464,GUCCI,GUCCI GUILTY DIAMOND DAMA 50 ML TESTER,Mujer,27900
5465,GUCCI,GUCCI BY GUCCI MEAUSSURE 50 ML TESTER,Hombre,23900
5466,GUCCI,GUCCI GUILTY INTENSE DAMA EDP 75 ML,Mujer,39900
5467,GUCCI,GUCCI GUILTY INTENSE VARON EDT 90 ML,Hombre,38900
5468,GUCCI,GUCCI GUILTY DIAMOND VARON 90 ML TESTER,Hombre,28900
5469,GUCCI,GUCCI FLORA EDP 75 ML,Mujer,39900
5470,GUCCI,GUCCI FLORA EDP 75 ML TESTER,Mujer,34900
5471,GUCCI,GUCCI FLORA FRAICHE 75 ML TESTER,Mujer,34900
5472,GUCCI,GUCCI FLORA GARDEN MAGNOLIA EDT 100 ML,Mujer,39900
5473,GUCCI,GUCCI FLORA GARDENIA EDT 100 ML TESTER,Mujer,34900
5474,GUCCI,GUCCI FLORA MANDARIN EDT 100 ML TESTER,Mujer,34900
5475,GUCCI,GUCCI RUSH 75 ML (DESCONTINUADO),Mujer,46900
5476,GUCCI,GUCCI RUSH 2  50 ML (DESCONTINUADO),Mujer,41900
5477,GUCCI,GUCCI ENVY ME 100 ML ,Mujer,39900
5478,GUERLAIN,SAMSARA EDP 100 ML,Mujer,51900
5479,HALSTON,HALSTON Z14 VARON 236 ML,Hombre,18900
5480,HALSTON,HALSTON DAMA EDC 100 ML,Hombre,14900
5481,HERMES,TERRE DE HERMES 100 ML TESTER,Hombre,59900
5482,HERMES,ELIXIR DES MARAVILLAS  100 ML TESTER,Mujer,59900
5483,HUGO BOSS,BOSS UNLIMITED (BLANCO) 100 ML NEW,Hombre,31900
5484,HUGO BOSS,BOSS BOTTLE  N° 6 (GRIS) 100 ML,Hombre,29900
5485,HUGO BOSS,BOSS BOTTLE  N° 6 (GRIS) 50 ML,Hombre,19900
5486,HUGO BOSS,BOSS BOTTLE  N° 6 (GRIS) 100 ML TESTER,Hombre,23900
5487,HUGO BOSS,BOSS RELOAD 100 ML TESTER,Hombre,25900
5488,HUGO BOSS,BOSS NIGHT VARON 100 ML ,Hombre,29900
5489,HUGO BOSS,BOSS NIGHT VARON 100 ML ESTUCHE,Hombre,32900
5490,HUGO BOSS,BOSS NIGHT VARON 100 ML TESTER,Hombre,23900
5491,HUGO BOSS,BOSS ORANGE EDT DAMA 75 ML,Mujer,28900
5492,HUGO BOSS,BOSS ORANGE EDP DAMA 75 ML,Mujer,31900
5493,HUGO BOSS,BOSS ORANGE SUNSET DAMA 75 ML,Mujer,28900
5494,HUGO BOSS,BOSS ORANGE EDT VARON 100 ML,Hombre,27900
5495,HUGO BOSS,BOSS ORANGE EDT VARON 100 ML TESTER,Hombre,23900
5496,HUGO BOSS,BOSS SPORT VARON 100 ML TESTER,Hombre,19900
5497,HUGO BOSS,BOSS ENERGIZE 125 ML ,Hombre,31900
5498,HUGO BOSS,BOSS ENERGIZE 75 ML ,Hombre,24900
5499,HUGO BOSS,BOSS NUIT EDP 75 ML ,Mujer,29900
5500,HUGO BOSS,BOSS NUIT EDP 75 ML ESTUCHE,Mujer,31900
5501,HUGO BOSS,BOSS NUIT INTENSE EDP 75 ML ,Mujer,32900
5502,HUGO BOSS,BOSS NUIT INTENSE EDP 75 ML TESTER,Mujer,27900
5503,HUGO BOSS,BOSS JOUR EDP 75 ML ESTUCHE,Mujer,31900
5504,HUGO BOSS,BOSS JOUR LUMINEUSE EDP 75 ML TESTER NEW,Mujer,26900
5505,HUGO BOSS,BOSS SELECTION VARON 90 ML ,Hombre,29900
5506,HUGO BOSS,BOSS WOMAN ( MEDIA LUNA ) 90 ML,Mujer,31900
5507,HUGO BOSS,BOSS FEMME EDP 75 ML  ,Mujer,31900
5508,HUGO BOSS,BOSS FEMME EDP 75 ML TESTER,Mujer,27900
5509,HUGO BOSS,BOSS THE SCENT EDT 100 ML TESTER NEW,Hombre,29900
5510,HUGO BOSS,HUGO WOMAN EDP 75 ML TESTER NEW,Mujer,29900
5511,HUGO BOSS,HUGO CANTIMPLORA DAMA 125 ML TESTER,Mujer,27900
5512,HUGO BOSS,HUGO CANTIMPLORA VARON 125 ML ,Hombre,28900
5513,HUGO BOSS,HUGO CANTIMPLORA VARON 150 ML ,Hombre,32900
5514,HUGO BOSS,HUGO CANTIMPLORA VARON 200 ML ,Hombre,39900
5515,HUGO BOSS,HUGO CANTIMPLORA VARON 125 ML TESTER,Hombre,24900
5516,HUGO BOSS,HUGO CANTIMPLORA VARON 150 ML TESTER,Hombre,28900
5517,HUGO BOSS,HUGO RED VARON 75 ML ,Hombre,23900
5518,HUGO BOSS,HUGO RED VARON 200 ML,Hombre,39900
5519,HUGO BOSS,HUGO RED VARON 125 ML TESTER,Hombre,26900
5520,HUGO BOSS,HUGO RED VARON 150 ML TESTER,Hombre,29900
5521,HUGO BOSS,HUGO JUST DIFFERENT 150 ML,Hombre,32900
5522,HUGO BOSS,HUGO JUST DIFFERENT 200 ML,Hombre,39900
5523,HUGO BOSS,HUGO JUST DIFFERENT 150 ML TESTER,Hombre,28900
5524,HUGO BOSS,HUGO XX DAMA 100 ML,Mujer,23900
5525,HUGO BOSS,HUGO XX DAMA 60 ML TESTER,Mujer,17900
5526,HUGO BOSS,HUGO XY VARON 100 ML,Hombre,23900
5527,HUGO BOSS,HUGO XY VARON 100 ML TESTER,Hombre,19900
5528,HUGO BOSS,BOSS INMOTION 90 ML,Hombre,28900
5529,HUGO BOSS,BOSS INMOTION 90 ML TESTER,Hombre,24900
5530,HUGO BOSS,BOSS INMOTION WHITE 90 ML,Hombre,24900
5531,HUGO BOSS,HUGO DEEP RED 90 ML ,Mujer,32900
5532,HUGO BOSS,BOSS MAVIE DAMA 75 ML NEW,Mujer,37900
5533,HUGO BOSS,DARK BLUE VARON 75 ML ,Hombre,28900
5534,HUGO BOSS,BOSS SOUL 90 ML,Hombre,29900
5535,HUGO BOSS,BOSS PURE 75 ML ,Hombre,26900
5536,I.MIYAKE,ISSEY MIYAKE VARON 75 ML,Hombre,30900
5537,I.MIYAKE,ISSEY MIYAKE VARON 125 ML,Hombre,38900
5538,I.MIYAKE,ISSEY MIYAKE NUIT VARON 125 ML ESTUCHE,Hombre,41900
5539,I.MIYAKE,ISSEY MIYAKE DAMA 100 ML  ,Mujer,39900
5540,J. CHOO,JIMMY CHOO EDP 100 ML,Mujer,27900
5541,J.ARTHES,JEAN ARTHES VARON 100 ML,Hombre,4900
5542,J.BIEBER,GIRLFRIEND BY JUSTIN BIEBER 100 ML ,Mujer,18900
5543,J.BIEBER,SOMEDAY BY JUSTIN BIEBER 100 ML ,Mujer,18900
5544,J.BIEBER,THE KEY BY JUSTIN BIEBER 100 ML TESTER,Mujer,15900
5545,J.DEL POZO,HALLOWEEN EDT DAMA 100 ML ,Mujer,18900
5546,J.DEL POZO,HALLOWEEN EDT DAMA 30 ML ,Mujer,8900
5547,J.DEL POZO,HALLOWEEN EDT DAMA 100 ML ESTUCHE,Mujer,23900
5548,J.DEL POZO,HALLOWEEN FRESIA 100 ML ,Mujer,18900
5549,J.DEL POZO,HALLOWEEN WATER LILY 100 ML ,Mujer,18900
5550,J.DEL POZO,HALLOWEEN FLEUR 100 ML ,Mujer,18900
5551,J.DEL POZO,HALLOWEEN BLUE DROP 100 ML,Mujer,18900
5552,J.DEL POZO,HALLOWEEN BLUE DROP 100 ML TESTER,Mujer,15900
5553,J.DEL POZO,HALLOWEEN FEVER EDP 100 ML,Mujer,18900
5554,J.DEL POZO,HALLOWEEN KISS 100 ML,Mujer,18900
5555,J.DEL POZO,HALLOWEEN SEXY KISS 100 ML,Mujer,18900
5556,J.DEL POZO,HALLOWEEN SUN 100 ML ,Mujer,18900
5557,J.DEL POZO,ESENCIA DUENDE 100 ML,Mujer,25900
5558,J.DEL POZO,ESENCIA DUENDE 30 ML,Mujer,10900
5559,J.DEL POZO,DUENDE 100 ML TESTER,Mujer,19900
5560,J.DEL POZO,HALLOWEEN MAN 125 ML ,Hombre,24900
5561,J.DEL POZO,HALLOWEEN ROCK MAN 125 ML ,Hombre,24900
5562,J.DEL POZO,HALLOWEEN ROCK MAN 125 ML TESTER,Hombre,19900
5563,J.DEL POZO,QUAZAR VARON 125 ML ,Hombre,21900
5564,J.LOPEZ,LIVE 100 ML,Mujer,16900
5565,J.LOPEZ,LIVE LUXE 100 ML,Mujer,16900
5566,J.LOPEZ,GLOW 100 ML,Mujer,16900
5567,J.LOPEZ,GLOW AFTER DARK 100 ML,Mujer,16900
5568,J.LOPEZ,GLOW AFTER DARK 30 ML,Mujer,8900
5569,JEAN P.G.,KOKORICO VARON 100 ML ,Mujer,29900
5570,JEAN P.G.,JEAN PAUL GAULTIER VARON 125 ML,Hombre,38900
5571,JEAN P.G.,JEAN PAUL GAULTIER VARON 125 ML ESTUCHE,Hombre,41900
5572,JEAN P.G.,JEAN PAUL GAULTIER DAMA 100 ML,Mujer,39900
5573,JEAN P.G.,JEAN PAUL GAULTIER DAMA 100 ML TESTER,Mujer,35900
5574,JESSICA S.,FANCY NIGHT 100 ML,Mujer,9900
5575,JOOP,JOOP DAMA 100 ML,Mujer,19900
5576,JOOP,JOOP VARON 125 ML,Hombre,22900
5577,JOVAN MUSK,JOVAN MUSK VARON 96 ML,Hombre,4900
5578,JOVAN MUSK,JOVAN MUSK DAMA 96 ML,Mujer,7900
5579,KARL L.,SUN MOON STAR 100 ML ,Mujer,12900
5580,KATY PERRY,KATY PERRY KILLER QUEEN EDP 100 ML ,Mujer,18900
5581,KATY PERRY,KATY PERRY OH SO SHEER 100 ML NEW,Mujer,21900
5582,KATY PERRY,KATY PERRY ROYAL REVOLUTION EDP 100 ML ,Mujer,18900
5583,KENZO,KENZO POUR HOMME 100 ML ,Hombre,31900
5584,KENZO,KENZO NIGHT VARON 100 ML ESTUCHE,Hombre,34900
5585,KENZO,KENZO SPORT EXTREME 100 ML,Hombre,29900
5586,KENZO,KENZO AMOUR EDP 100 ML,Mujer,44900
5587,KENZO,KENZO AMOUR EDP 100 ML ESTUCHE,Mujer,49900
5588,KENZO,KENZO AMOUR EDP 50 ML ESTUCHE,Mujer,39900
5589,KENZO,KENZO AMOUR FLORALE EDT 85 ML ,Mujer,28900
5590,KENZO,L' EAU PAR KENZO DAMA 100 ML ,Mujer,32900
5591,KENZO,L' EAU PAR KENZO DAMA 30 ML ,Mujer,18900
5592,KENZO,L' EAU PAR KENZO VARON 100 ML ,Hombre,29900
5593,KENZO,FLOWER BY KENZO EDP 100 ML ,Mujer,37900
5594,KENZO,FLOWER BY KENZO EDT 100 ML,Mujer,30900
5595,KENZO,KENZO D ETE EDP 75 ML,Mujer,39900
5596,KENZO,KENZO JUNGLE (ELEPHANT) EDP DAMA 100 ML,Mujer,41900
5597,KENZO,KENZO JUNGLE EDT VARON 100 ML,Hombre,39900
5598,KENZO,FLOWER IN THE AIR EDT 100 ML ,Mujer,31900
5599,KENZO,FLOWER IN THE AIR EDP 100 ML ,Mujer,36900
5600,KENZO,FLOWER IN THE AIR EDP 100 ML TESTER,Mujer,31900
5601,L.CLAIBORNE,CURVE CRUSH DAMA 100 ML,Mujer,15900
5602,L.LEMPICKA,LOLITA TRADICIONAL EDP 100 ML ,Mujer,26900
5603,L.LEMPICKA,LOLITA TRADICIONAL EDP 50 ML ,Mujer,19900
5604,L.LEMPICKA,LOLITA TRADICIONAL EDP 100 ML ESTUCHE,Mujer,29900
5605,L.LEMPICKA,LOLITA L' EAU EN BLANC EDP 100 ML ,Mujer,23900
5606,L.LEMPICKA,LOLITA SI EDP 80 ML ,Mujer,23900
5607,L.LEMPICKA,LOLITA SI EDP 80 ML ESTUCHE,Mujer,26900
5608,L.LEMPICKA,LOLITA MIDNIGHT NUIT 100 ML ,Mujer,23900
5609,L.LEMPICKA,LOLITA MASCULIN VARON EDT 100 ML,Hombre,26900
5610,L.LEMPICKA,LOLITA MASCULIN VARON EDT 100 ML ESTUCHE,Hombre,29900
5611,LACOSTE,TOUCH OF PINK 90 ML ESTUCHE,Mujer,31900
5612,LACOSTE,TOUCH OF PINK 90 ML TESTER,Mujer,27900
5613,LACOSTE,LACOSTE FEMME 90 ML,Mujer,34900
5614,LACOSTE,LACOSTE POUR HOMME (GRIS) 100 ML,Hombre,29900
5615,LACOSTE,EAU LACOSTE SENSUELLE 90 ML ESTUCHE,Mujer,37900
5616,LACOSTE,EAU LACOSTE FEMME 90 ML ESTUCHE,Mujer,36900
5617,LACOSTE,LACOSTE LE BLANC 100 ML ,Hombre,31900
5618,LACOSTE,LACOSTE JAUNE 100 ML NEW,Hombre,31900
5619,LACOSTE,LACOSTE LE NOIR 100 ML ,Hombre,31900
5620,LACOSTE,LACOSTE LE NOIR 100 ML TESTER,Hombre,26900
5621,LACOSTE,LACOSTE LE VERT 100 ML,Hombre,29900
5622,LACOSTE,LACOSTE LE ROUGE 100 ML,Hombre,29900
5623,LACOSTE,LACOSTE ESSENTIAL 125 ML,Hombre,31900
5624,LACOSTE,LACOSTE ESSENTIAL 75 ML,Hombre,21900
5625,LACOSTE,LACOSTE ESSENTIAL SPORT 125 ML  ,Hombre,31900
5626,LACOSTE,LACOSTE ESSENTIAL SPORT 125 ML TESTER,Hombre,26900
5627,LACOSTE,LACOSTE BOOSTER 125 ML ,Hombre,32900
5628,LACOSTE,LACOSTE CHALLENGER 90 ML TESTER,Hombre,31900
5629,LACOSTE,LACOSTE ORIGINAL 100  ML,Hombre,31900
5630,LACOSTE,LACOSTE LIVE 100 ML NEW,Hombre,32900
5631,LACOSTE,LACOSTE LIVE 100 ML NEW TESTER,Hombre,27900
5632,LACOSTE,LACOSTE RED 125 ML ,Hombre,30900
5633,LACOSTE,LACOSTE RED 125 ML TESTER,Hombre,26900
5634,LADY GAGA,LADY GAGA FAME BLACK EDP 100 ML ,Mujer,17900
5635,LANCOME,LA VIE EST BELLE EDP 75 ML,Mujer,48900
5636,LANCOME,LA VIE EST BELLE EDP 100 ML ,Mujer,58900
5637,LANCOME,LA VIE EST BELLE EDT 100 ML ,Mujer,46900
5638,LANCOME,TRESOR LANCOME 100 ML EDP ,Mujer,48900
5639,LANCOME,TRESOR LA NUIT EDP 75 ML NEW,Mujer,52900
5640,LANCOME,TRESOR MIDNIGHT ROSE EDP 75 ML ,Mujer,39900
5641,LANCOME,TRESOR IN LOVE 75 ML ,Mujer,42900
5642,LANCOME,MIRACLE EDP 100 ML,Mujer,48900
5643,LANCOME,HYPNOSE EDP 75 ML ,Mujer,46900
5644,LANCOME,O DE LANCOME 125 ML ,Mujer,31900
5645,LANCOME,OUI DE LANCOME 75 ML,Mujer,36900
5646,LANCOME,MAGIE NOIRE 75 ML ,Mujer,41900
5647,LANCOME,POEME EDP 100 ML,Mujer,48900
5648,LANCOME,POEME EDP 30 ML ,Mujer,23900
5649,LANVIN,ECLAT ARPAGE DAMA 100 ML ,Mujer,25900
5650,LANVIN,ECLAT ARPAGE DAMA 50 ML ESTUCHE,Mujer,21900
5651,LANVIN,ECLAT ARPAGE VARON 100 ML,Hombre,21900
5652,LANVIN,OXYGEN VARON 100 ML ,Hombre,16900
5653,LANVIN,OXYGEN DAMA EDP 75 ML ,Mujer,16900
5654,LANVIN,LANVIN ME EDP 80 ML,Mujer,20900
5655,LANVIN,MARRY ME EDP 80 ML,Mujer,20900
5656,LANVIN,RUMEUR ROSE EDP 100 ML,Mujer,21900
5657,LANVIN,JEANNE LANVIN 100 ML,Mujer,21900
5658,LANVIN,JEANNE COUTURE LANVIN 100 ML,Mujer,21900
5659,LAPIDUS,LAPIDUS VARON 100 ML,Hombre,11900
5660,LAPIDUS,CREATION 100 ML,Mujer,11900
5661,LAPIDUS,LAPIDUS WOMAN 100 ML,Mujer,14900
5662,LAPIDUS,FANTASME DAMA EDT 100 ML TESTER,Mujer,10900
5663,LOMANI,LOMANI 100 ML,Hombre,4900
5664,M. KORS,WHITE MICHAEL KORS EDP 100 ML,Mujer,26900
5665,M. KORS,SPORTY CITRUS MICHAEL KORS EDP 100 ML,Mujer,36900
5666,M. KORS,SEXY AMBER MICHAEL KORS EDP 100 ML,Mujer,36900
5667,M. KORS,GLAM JASMINE MICHAEL KORS EDP 100 ML,Mujer,36900
5668,M. KORS,MICHAEL KORS HOLLYWOOD 100 ML NEW,Mujer,36900
5669,M.BLANC,STARWALKER VARON 75 ML ,Hombre,18900
5670,M.BLANC,PRESENCE DAMA EDT 75 ML,Mujer,18900
5671,M.BLANC,PRESENCE VARON EDT 75 ML,Hombre,18900
5672,M.BLANC,INDIVIDUAL DAMA EDT 75 ML,Mujer,22900
5673,M.BLANC,INDIVIDUAL DAMA EDT 75 ML TESTER,Mujer,19900
5674,M.BLANC,INDIVIDUAL VARON EDT 75 ML,Hombre,18900
5675,M.BLANC,MONT FEMME 75 ML ,Mujer,18900
5676,M.BLANC,EXCEPTIONAL 75 ML ,Hombre,18900
5677,M.BLANC,EMBLEM VARON EDT 100 ML ,Hombre,26900
5678,M.BLANC,EMBLEM INTENSE VARON EDT 100 ML NEW,Hombre,28900
5679,M.BLANC,LEGEND VARON EDT 100 ML ,Hombre,26900
5680,M.BLANC,LEGEND INTENSE VARON EDT 100 ML ,Hombre,26900
5681,M.BLANC,LEGEND DAMA 75 ML,Mujer,22900
5682,M.JACOBS,BANG MARC JACOBS 100 ML TESTER,Hombre,16900
5683,M.JACOBS,LOLA MARC JACOBS 100 ML TESTER,Mujer,19900
5684,MISCELANEO,FOOTBALL 2014 100 ML ,Hombre,7900
5685,MISCELANEO,BEWITCHED 100 ML (SIMILAR HALLOWEEN),Mujer,8900
5686,MISCELANEO,REAL MADRID 100 ML,Hombre,9900
5687,MISCELANEO,BARCELONA 100 ML,Hombre,9900
5688,MISCELANEO,INMORTAL 100 ML,Hombre,8900
5689,MOLINEAUX,QUARTZ VARON 100 ML ,Hombre,12900
5690,MOLINEAUX,QUARTZ MODERN VARON 100 ML ,Hombre,12900
5691,MOLINEAUX,QUARTZ SILVER VARON 100 ML ,Hombre,12900
5692,MOSCHINO,LOVE LOVE MOSCHINO 100 ML ,Mujer,27900
5693,MOSCHINO,CHEAP AND CHIC 100 ML,Mujer,27900
5694,MOSCHINO,HIPPY FIZZ 100 ML ,Mujer,27900
5695,MOSCHINO,CHIC PETALS MOSCHINO 100 ML NEW,Mujer,27900
5696,MOSCHINO,FOREVER MOSCHINO VARON 100 ML,Hombre,27900
5697,NAUTICA,NAUTICA CLASSIC 100 ML,Hombre,7900
5698,NAUTICA,NAUTICA CLASSIC 50 ML TESTER,Hombre,3900
5699,NAUTICA,NAUTICA BLUE 50 ML TESTER,Hombre,3900
5700,NICKY MINAJ,NICKY MINAJ 100 ML ,Mujer,29900
5701,NINA RICCI,NINA EDT 80 ML,Mujer,31900
5702,NINA RICCI,NINA ELIXIR EDP 80 ML,Mujer,32900
5703,NINA RICCI,NINA L'EXTASE EDP 30 ML,Mujer,23900
5704,NINA RICCI,NINA L'EAU 80 ML NEW,Mujer,34900
5705,NINA RICCI,L'AIR DU TEMPS NINA RICCI 50 ML,Mujer,16900
5706,NINA RICCI,PREMIER JOUR 100 ML,Mujer,27900
5707,O.DIRECTION,OUR MOMENT BY ONE DIRECTION 100 ML,Mujer,21900
5708,O.DIRECTION,YOU & ME 100 ML ONE DIRECTION 100 ML NEW,Mujer,26900
5709,O.RENTA,OSCAR DE LA RENTA DAMA 100 ML,Mujer,25900
5710,O.RENTA,SO DE LA RENTA 100 ML,Mujer,14900
5711,O.RENTA,VOLUPTE 100 ML ,Mujer,15900
5712,O.RENTA,OSCAR POUR LUI 90 ML ESTUCHE,Hombre,19900
5713,O.RENTA,OSCAR 90 ML VARON (AMARILLO),Hombre,14900
5714,P.HILTON,CAN CAN 100 ML ,Mujer,16900
5715,P.HILTON,PARIS HILTON DAMA 100 ML ,Mujer,16900
5716,P.HILTON,HEIRESS 100 ML ,Mujer,16900
5717,P.HILTON,TEASE EDP 100 ML ,Mujer,14900
5718,P.HILTON,FAIRY DUST EDP 100 ML,Mujer,14900
5719,P.HILTON,SIREN 100 ML ,Mujer,14900
5720,P.HILTON,PARIS HILTON HEIR VARON 100 ML ,Hombre,15900
5721,P.PICASSO,MINOTAURO VARON EDT 75 ML ,Hombre,29900
5722,P.RABANNE,LADY MILLION EAU MY GOLD  80 ML NEW,Mujer,37900
5723,P.RABANNE,XS BLACK VARON ESTUCHE 50 ML,Hombre,25900
5724,P.RABANNE,LADY MILLION ESTUCHE 50 ML,Mujer,34900
5725,P.RABANNE,ONE MILLION 100 ML  ,Hombre,39900
5726,P.RABANNE,ONE MILLION 200 ML ,Hombre,51900
5727,P.RABANNE,XS BLACK VARON 100 ML  ,Hombre,33900
5728,P.RABANNE,XS BLACK VARON 100 ML ESTUCHE,Hombre,37900
5729,P.RABANNE,XS BLACK VARON 50 ML ESTUCHE,Hombre,25900
5730,P.RABANNE,XS BLACK LEXCES VARON 100 ML ,Hombre,33900
5731,P.RABANNE,XS BLACK POTION VARON 100 ML NEW,Hombre,34900
5732,P.RABANNE,XS BLACK DAMA 80 ML,Mujer,35900
5733,P.RABANNE,XS BLACK DAMA 80 ML TESTER,Mujer,30900
5734,P.RABANNE,XS BLACK LEXCES DAMA 80 ML,Mujer,34900
5735,P.RABANNE,XS BLACK LEXCES DAMA 80 ML TESTER,Mujer,30900
5736,P.RABANNE,XS BLACK APHRODISIAQUE  80 ML NEW,Mujer,38900
5737,P.RABANNE,ULTRAVIOLET EDP DAMA 80 ML ,Mujer,31900
5738,P.RABANNE,ULTRAVIOLET EDP DAMA 30 ML ,Mujer,20900
5739,P.RABANNE,ULTRARED EDP 50 ML (DESCONTINUADO),Mujer,26900
5740,P.RABANNE,ULTRAVIOLET EDT VARON 100 ML,Mujer,29900
5741,P.RABANNE,LADY MILLION DAMA EDP 80 ML,Mujer,41900
5742,P.RABANNE,LADY MILLION DAMA EDP 50 ML ESTUCHE,Mujer,34900
5743,P.RABANNE,LADY MILLION DAMA EDP 80 ML TESTER,Mujer,36900
5744,P.RABANNE,LADY MILLION EAU MY GOLD  80 ML NEW,Mujer,37900
5745,P.RABANNE,LADY MILLION DAMA EDT 50 ML,Mujer,29900
5746,P.RABANNE,INVICTUS 100 ML ,Hombre,45900
5747,P.RABANNE,INVICTUS 50 ML ,Hombre,36900
5748,P.RABANNE,PACO BY PACO RABANNE (LATA NEGRA) 100 ML ,Unisex,23900
5749,P.RABANNE,PACO RABANNE 100 ML,Hombre,27900
5750,P.RABANNE,CALANDRE DAMA 100 ML ,Mujer,43900
5751,PINO,PINO SILVESTRE 125 ML ,Hombre,9900
5752,PUMA,PUMA VARON 40 ML + RADIO ESTUCHE,Hombre,7900
5753,PUMA,PUMA VARON JAM 60 ML TESTER,Hombre,3900
5754,PUMA,PUMA VARON SYNC 60 ML TESTER,Hombre,3900
5755,PUMA,PUMA VARON ANIMAGICAL 60 ML TESTER,Hombre,3900
5756,PUMA,PUMA VARON YELLOW 60 ML TESTER,Hombre,3900
5757,PUMA,PUMA VARON GREEN 60 ML TESTER,Hombre,3900
5758,R.LAUREN,RALPH TRADICIONAL 100 ML ,Mujer,37900
5759,R.LAUREN,RALPH FRESH 100 ML NEW,Mujer,44900
5760,R.LAUREN,POLO VARON 59 ML,Hombre,31900
5761,R.LAUREN,POLO VARON 118 ML,Hombre,41900
5762,R.LAUREN,POLO VARON 236 ML,Hombre,51900
5763,R.LAUREN,POLO SPORT VARON 125 ML ,Hombre,38900
5764,R.LAUREN,POLO SPORT VARON 75 ML ,Hombre,30900
5765,R.LAUREN,RALPH BLUE DAMA 40 ML (DESCONTINUADO),Mujer,36900
5766,R.LAUREN,RALPH BLUE DAMA 75 ML (DESCONTINUADO),Mujer,43900
5767,R.LAUREN,RALPH BLUE DAMA 125 ML (DESCONTINUADO),Mujer,54900
5768,R.LAUREN,POLO RED 125 ML ESTUCHE,Hombre,42900
5769,R.LAUREN,POLO RED 200 ML,Hombre,47900
5770,R.LAUREN,POLO DOUBLE BLACK VARON 125ML ,Hombre,41900
5771,R.LAUREN,POLO BLUE VARON 125 ML ,Hombre,38900
5772,R.LAUREN,POLO BLUE VARON 200 ML ,Hombre,49900
5773,R.LAUREN,POLO BLACK VARON 125 ML ,Hombre,38900
5774,R.LAUREN,POLO BLACK VARON 200 ML,Hombre,47900
5775,R.LAUREN,BIG PONY N° 1 DAMA 100 ML (CELESTE),Mujer,39900
5776,R.LAUREN,BIG PONY N° 2 DAMA 100 ML (ROSADO),Mujer,39900
5777,R.LAUREN,BIG PONY N° 3 DAMA 100 ML (AMARILLO),Mujer,39900
5778,R.LAUREN,BIG PONY N° 4 DAMA 100 ML (MORADO),Mujer,39900
5779,R.LAUREN,BIG PONY N° 1 VARON 125 ML (AZUL),Hombre,36900
5780,R.LAUREN,BIG PONY N° 2 VARON 125 ML (ROJO),Hombre,36900
5781,R.LAUREN,BIG PONY N° 2 VARON 250 ML (ROJO),Hombre,43900
5782,R.LAUREN,BIG PONY N° 3 VARON 125 ML (VERDE),Hombre,36900
5783,R.LAUREN,BIG PONY N° 4 VARON 125 ML (NARANJO),Hombre,36900
5784,R.LAUREN,ROMANCE MIDNIGHT DAMA 100 ML,Mujer,49900
5785,R.LAUREN,ROMANCE DAMA 100 ML,Mujer,48900
5786,R.LAUREN,ROMANCE DAMA 100 ML TESTER,Mujer,44900
5787,REALM,REALM DAMA PHEROMONAS 100 ML ,Mujer,18900
5788,REALM,REALM VARON PHEROMONAS 100 ML ,Hombre,18900
5789,REVLON,CHARLIE RED 100 ML,Mujer,4900
5790,REVLON,CHARLIE GOLD 100 ML,Mujer,4900
5791,RIHANNA,RIHANNA ROUGE EDP 125 ML  ,Mujer,24900
5792,RIHANNA,RIHANNA NUDE EDP 100 ML,Mujer,24900
5793,RIHANNA,RIHANNA REBELLE EDP 100 ML,Mujer,24900
5794,ROCHAS,ROCHAS MAN 100 ML,Hombre,24900
5795,ROCHAS,MADAME ROCHAS100 ML,Mujer,26900
5796,S.ARMY,SWISS ARMY ALTITTUDE 100 ML ,Hombre,21900
5797,S.ARMY,SWISS ARMY DAMA 100 ML ,Mujer,21900
5798,S.ARMY,SWISS ARMY UNLIMITED 75 ML (RECARGABLE),Hombre,18900
5799,S.ARMY,SWISS ARMY UNLIMITED 75 ML (RECARGA),Hombre,16900
5800,SANDORA,PERFUMES SANDORA 100 ML NEW,Unisex,5900
5801,SANDORA,COLONIAS SURTIDAS 240 ML NEW,Mujer,5900
5802,SEX CITY,SEX IN THE CITY VARON 100 ML,Hombre,1500
5803,SEX CITY,SEX IN THE CITY DAMA 4 PIEZAS 100 ML ESTUCHE,Mujer,3900
5804,SEX CITY,SEX IN THE CITY DAMA 12 PIEZAS 100 ML ESTUCHE,Mujer,7900
5805,SHAKIRA,SHAKIRA 80 ML,Mujer,16900
5806,SHAKIRA,SHAKIRA 30 ML,Mujer,6900
5807,SHAKIRA,SHAKIRA ELIXIR 80 ML,Mujer,16900
5808,SHAKIRA,SHAKIRA ELIXIR 80 ML TESTER ,Mujer,10900
5809,SHAKIRA,SHAKIRA FLORAL 80 ML,Mujer,16900
5810,SHAKIRA,SHAKIRA FLORAL 80 ML TESTER,Mujer,10900
5811,SHAKIRA,SHAKIRA ROCK 80 ML,Mujer,16900
5812,SHAKIRA,SHAKIRA WILD ELIXIR 80 ML,Mujer,16900
5813,T.MUGLER,ANGEL DAMA EDP 100 ML,Mujer,59900
5814,T.MUGLER,ANGEL DAMA EDP 50 ML,Mujer,49900
5815,T.MUGLER,ANGEL DAMA 100 ML TESTER,Mujer,55900
5816,T.MUGLER,ANGEL EAU SUCREE ,Mujer,56900
5817,T.MUGLER,MUGLER SHOW EDT 50 ML,Mujer,38900
5818,T.MUGLER,ALIEN LUXURY 60 ML ESTUCHE,Mujer,49900
5819,T.MUGLER,ALIEN DAMA 100 ML TESTER ,Mujer,46900
5820,T.MUGLER,AMEN VARON 100 ML ,Hombre,39900
5821,T.MUGLER,AMEN VARON 100 ML TESTER,Hombre,35900
5822,T.MUGLER,AMEN URBAN 100 ML,Hombre,39900
5823,T.MUGLER,AMEN PURE WOOD 100 ML,Hombre,39900
5824,T.MUGLER,AMEN PURE ENERGY 100 ML,Hombre,39900
5825,TOMMY,TOMMY GIRL 100 ML,Mujer,17900
5826,TOMMY,TOMMY VARON 100 ML,Hombre,17900
5827,TOMMY,TOMMY VARON 100 ML,Hombre,17900
5828,TOMMY,TOMMY VARON 200 ML,Hombre,29900
5829,TOMMY,TOMMY VARON 100 ML TESTER,Hombre,15900
5830,TOMMY,TOMMY PREP VARON 100 ML,Hombre,17900
5831,TOMMY,TOMMY GIRL 100 ML,Mujer,17900
5832,TOMMY,TOMMY GIRL 100 ML TESTER,Mujer,15900
5833,TOMMY,DREAMING EDP 50 ML ,Mujer,24900
5834,TOMMY,FREEDOM VARON 100 ML ,Hombre,31900
5835,TOMMY,TRUE STAR GOLD 75 ML (DESCONTINUADO),Mujer,19900
5836,TOUS,TOUS H2O DAMA EDT 100 ML ,Mujer,23900
5837,V.ROLF,FLOWER BOMB 50 ML TESTER,Mujer,59900
5838,V.ROLF,FLOWER BOMB LA VIE EN ROSE 50 ML TESTER,Mujer,59900
5839,V.ROLF,SPICEBOMB VARON 90 ML ,Hombre,72900
5840,V.ROLF,SPICEBOMB VARON 90 ML TESTER,Hombre,64900
5841,V.SECRET,COLONIA VICTORIA SECRET BODY MIST 250 ML,Mujer,6900
5842,V.SECRET,CREMA VICTORIA SECRET BODY LOTION 250 ML ,Mujer,7900
5843,V.SEDUCTION,COLONIAS BODY MIST 250 ML ,Mujer,5900
5844,VAN CLEEF,TSAR TRADIONAL VARON 100 ML,Hombre,21900
5845,VAN CLEEF,FIRST 90 ML ,Mujer,23900
5846,VAN CLEEF,VAN CLEEF VARON 100 ML,Hombre,20900
5847,VANDERBILT,GLORIA VANDERBILT 100 ML,Mujer,10900
5848,VERSACE,BLUE JEANS 75 ML,Hombre,15900
5849,VERSACE,RED JEANS 75 ML,Mujer,15900
5850,VERSACE,VERSACE POUR HOMME 100 ML,Hombre,33900
5851,VERSACE,VERSACE EAU FRAICHE VARON 100 ML,Hombre,33900
5852,VERSACE,VERSACE EAU FRAICHE VARON 200 ML,Hombre,41900
5853,VERSACE,VANITAS DE VERSACE EDP 100 ML ,Mujer,34900
5854,VERSACE,VANITAS DE VERSACE EDP 50 ML ,Mujer,26900
5855,VERSACE,BRIGHT CRYSTAL 90 ML ESTUCHE,Mujer,37900
5856,VERSACE,BRIGHT CRYSTAL ABSOLUTE 90 ML,Mujer,36900
5857,VERSACE,VERSACE YELLOW DIAMOND 90 ML ,Mujer,34900
5858,VERSACE,VERSACE YELLOW DIAMOND 90 ML ESTUCHE,Mujer,38900
5859,VERSACE,VERSACE YELLOW DIAMOND INTENSE 90 ML ,Mujer,36900
5860,VERSACE,VERSACE VERSENSE DAMA 100 ML,Mujer,39900
5861,VERSACE,VERSACE VERSUS 50 ML,Mujer,22900
5862,VERSACE,VERSACE EROS 100 ML ,Hombre,39900
5863,VERSACE,VERSACE EROS 100 ML ESTUCHE,Hombre,42900
5864,VIOLETTA,VIOLETTA 100 ML ,Mujer,11900
5865,YSL,BELLE D' OPIUM DAMA EDP 90 ML,Mujer,48900
5866,YSL,BELLE D' OPIUM DAMA EDP 30 ML,Mujer,25900
5867,YSL,BABY DOLL 100 ML,Mujer,32900
5868,YSL,YSL L' HOMME 100 ML ,Hombre,41900
5869,YSL,YSL L' HOMME NUIT 100 ML ,Hombre,41900
5870,YSL,YSL L' HOMME EAU LIBRE 100 ML ,Hombre,41900
5871,YSL,YSL HOMME SPORT 100 ML,Hombre,41900
5872,YSL,ELLE YSL 90 ML ,Mujer,46900
5873,YSL,OPIUM EDT 90 ML,Mujer,46900
5874,YSL,OPIUM EDT 90 ML TESTER,Mujer,41900
5875,YSL,OPIUM BLACK EDP 90 ML NEW,Mujer,49900
5876,YSL,JAZZ 80 ML,Hombre,32900
5877,YSL,LIVE JAZZ 100 ML,Hombre,36900
5878,YSL,PARISIENNE EDP 90 ML ,Mujer,43900
5879,YSL,MANIFESTO 90 ML ,Mujer,43900
5880,YSL,CINEMA 90 ML ,Mujer,43900
5881,YSL,KOUROS 100 ML,Hombre,38900
5882,YSL,BODY KOUROS 100 ML,Hombre,31900
5883,YSL,RIVE GAUCHE DAMA 100 ML,Mujer,41900
5884,ZIPPO,ZIPPO INTO THE BLUE VARON EDT 100 ML ,Hombre,21900
